{"cameraMode":{"drawMode":0,"name":"Shaded","section":"Shading Mode"},"sceneLighting":false,"audioPlay":false,"sceneViewState":{"m_AlwaysRefresh":false,"showFog":true,"showSkybox":false,"showFlares":true,"showImageEffects":true,"showParticleSystems":true,"showVisualEffectGraphs":true,"m_FxEnabled":true},"in2DMode":false,"pivot":{"x":7.789852142333984,"y":-0.6433670520782471,"z":-0.1963210105895996},"rotation":{"x":-0.0013295121025294066,"y":0.9974150657653809,"z":-0.06924137473106384,"w":-0.01915174536406994},"size":2.0708017349243166,"orthographic":false}